INSERT INTO movies (ID, TITLE) VALUES (1, 'Star Wars Episode IV: A New Hope');
INSERT INTO movies (ID, TITLE) VALUES (2, 'Scream');
INSERT INTO movies (ID, TITLE) VALUES (3, 'Fightclub');

INSERT INTO rooms (ID, NAME) VALUES (1, 'Room A');
INSERT INTO rooms (ID, NAME) VALUES (2, 'Room B');
INSERT INTO rooms (ID, NAME) VALUES (3, 'Room C');

INSERT INTO screenings (ID, START_TIME, MOVIE_ID, ROOM_ID)
VALUES (1, {ts '2023-01-31 20:00:00.00'}, 1, 1);

INSERT INTO screenings (ID, START_TIME, MOVIE_ID, ROOM_ID)
VALUES (2, {ts '2023-01-30 23:00:00.00'}, 2, 1);

INSERT INTO screenings (ID, START_TIME, MOVIE_ID, ROOM_ID)
VALUES (3, {ts '2023-01-29 20:00:00.00'}, 3, 2);

INSERT INTO screenings (ID, START_TIME, MOVIE_ID, ROOM_ID)
VALUES (4, {ts '2023-01-28 23:00:00.00'}, 2, 2);

INSERT INTO screenings (ID, START_TIME, MOVIE_ID, ROOM_ID)
VALUES (5, {ts '2023-01-27 20:00:00.00'}, 3, 3);

INSERT INTO screenings (ID, START_TIME, MOVIE_ID, ROOM_ID)
VALUES (6, {ts '2023-01-26 17:00:00.00'}, 1, 3);

INSERT INTO screenings (ID, START_TIME, MOVIE_ID, ROOM_ID)
VALUES (7, {ts '2022-11-20 07:00:00.00'}, 1, 3);

INSERT INTO seats (ID, NUMBER, ROOM_ID) VALUES (1, 1, 1);
INSERT INTO seats (ID, NUMBER, ROOM_ID) VALUES (2, 2, 1);
INSERT INTO seats (ID, NUMBER, ROOM_ID) VALUES (3, 3, 1);
INSERT INTO seats (ID, NUMBER, ROOM_ID) VALUES (4, 4, 1);
INSERT INTO seats (ID, NUMBER, ROOM_ID) VALUES (5, 5, 1);
INSERT INTO seats (ID, NUMBER, ROOM_ID) VALUES (6, 6, 1);
INSERT INTO seats (ID, NUMBER, ROOM_ID) VALUES (7, 7, 1);
INSERT INTO seats (ID, NUMBER, ROOM_ID) VALUES (8, 8, 1);
INSERT INTO seats (ID, NUMBER, ROOM_ID) VALUES (9, 9, 1);
INSERT INTO seats (ID, NUMBER, ROOM_ID) VALUES (10, 10, 1);

INSERT INTO seats (ID, NUMBER, ROOM_ID) VALUES (11, 1, 2);
INSERT INTO seats (ID, NUMBER, ROOM_ID) VALUES (12, 2, 2);
INSERT INTO seats (ID, NUMBER, ROOM_ID) VALUES (13, 3, 2);
INSERT INTO seats (ID, NUMBER, ROOM_ID) VALUES (14, 4, 2);
INSERT INTO seats (ID, NUMBER, ROOM_ID) VALUES (15, 5, 2);
INSERT INTO seats (ID, NUMBER, ROOM_ID) VALUES (16, 6, 2);
INSERT INTO seats (ID, NUMBER, ROOM_ID) VALUES (17, 7, 2);
INSERT INTO seats (ID, NUMBER, ROOM_ID) VALUES (18, 8, 2);
INSERT INTO seats (ID, NUMBER, ROOM_ID) VALUES (19, 9, 2);
INSERT INTO seats (ID, NUMBER, ROOM_ID) VALUES (20, 10, 2);

INSERT INTO seats (ID, NUMBER, ROOM_ID) VALUES (21, 1, 3);
INSERT INTO seats (ID, NUMBER, ROOM_ID) VALUES (22, 2, 3);
INSERT INTO seats (ID, NUMBER, ROOM_ID) VALUES (23, 3, 3);
INSERT INTO seats (ID, NUMBER, ROOM_ID) VALUES (24, 4, 3);
INSERT INTO seats (ID, NUMBER, ROOM_ID) VALUES (25, 5, 3);
INSERT INTO seats (ID, NUMBER, ROOM_ID) VALUES (26, 6, 3);
INSERT INTO seats (ID, NUMBER, ROOM_ID) VALUES (27, 7, 3);
INSERT INTO seats (ID, NUMBER, ROOM_ID) VALUES (28, 8, 3);
INSERT INTO seats (ID, NUMBER, ROOM_ID) VALUES (29, 9, 3);
INSERT INTO seats (ID, NUMBER, ROOM_ID) VALUES (30, 10, 3);

INSERT INTO ticket_types(ID, NAME, PRICE) VALUES (1, 'ADULT', 25.00);
INSERT INTO ticket_types(ID, NAME, PRICE) VALUES (2, 'CHILD', 12.50);
INSERT INTO ticket_types(ID, NAME, PRICE) VALUES (3, 'STUDENT', 18.00);